,city,lngs,lats,max_temp,humidity,cloudiness,wind_speed
0,Blairmore,-114.44,49.6,73.4,46.0,1.0,12.75
1,Bredasdorp,20.04,-34.53,57.2,93.0,100.0,10.29
2,Kapaa,-159.32,22.08,81.0,74.0,20.0,14.99
3,Port Alfred,26.89,-33.59,62.35,72.0,0.0,16.22
4,Thompson,-97.86,55.74,51.8,76.0,90.0,8.05
6,Puerto Ayora,-90.35,-0.74,75.2,60.0,75.0,20.8
8,George Town,100.34,5.41,78.8,94.0,20.0,4.23
9,Port Elizabeth,25.57,-33.92,62.6,77.0,0.0,24.16
10,Tokmak,35.71,47.25,70.38,32.0,99.0,2.39
12,Bluff,168.33,-46.6,45.0,72.0,96.0,11.01
13,Saskylakh,114.08,71.92,53.15,60.0,97.0,7.49
14,Souillac,57.52,-20.52,69.8,83.0,40.0,11.41
15,Tasiilaq,-37.64,65.61,44.6,70.0,5.0,9.17
16,Alta Floresta,-56.09,-9.88,95.0,39.0,75.0,6.93
17,Hobart,147.33,-42.88,48.2,57.0,100.0,10.29
18,Mataura,168.86,-46.19,45.0,72.0,70.0,11.01
19,Verāval,70.37,20.9,81.39,84.0,100.0,18.25
20,Cape Town,18.42,-33.93,59.0,93.0,75.0,5.82
22,East London,27.91,-33.02,64.4,82.0,40.0,20.8
23,Yuma,-114.62,32.73,107.6,23.0,40.0,6.93
24,Hithadhoo,73.08,-0.6,82.09,76.0,100.0,9.6
25,Klyuchi,79.17,52.27,56.1,79.0,0.0,9.37
26,Montefiascone,12.04,42.54,80.6,57.0,40.0,11.41
27,Talnakh,88.4,69.49,57.2,82.0,67.0,8.95
28,Yakima,-120.67,46.47,80.01,22.0,1.0,4.7
30,Tiksi,128.87,71.69,36.61,88.0,0.0,10.49
31,Sakakah,40.21,29.97,95.0,14.0,0.0,4.47
32,Rikitea,-134.97,-23.12,69.6,77.0,0.0,11.01
33,Lamu,40.9,-2.27,76.5,82.0,0.0,13.89
35,Isangel,169.27,-19.55,71.71,87.0,100.0,15.19
36,Kenai,-151.26,60.55,57.99,87.0,90.0,4.7
37,Jamestown,-79.24,42.1,78.01,78.0,75.0,16.11
38,Busselton,115.33,-33.65,48.99,76.0,43.0,3.76
39,Ribeira Grande,-28.7,38.52,75.2,94.0,75.0,13.87
40,Sawākin,37.33,19.11,93.97,37.0,88.0,3.78
42,Carnarvon,113.63,-24.87,62.6,82.0,0.0,16.11
43,Tsaratanana,47.65,-16.78,69.03,61.0,35.0,8.23
44,Jalu,21.55,29.03,86.68,23.0,0.0,7.45
45,Tarko-Sale,77.78,64.92,48.0,93.0,0.0,6.93
48,Faya,42.45,18.39,73.4,73.0,40.0,5.82
49,Albany,-73.97,42.6,81.0,77.0,93.0,14.65
50,Ushuaia,-68.3,-54.8,41.0,56.0,75.0,4.7
51,Chui,-53.46,-33.7,67.32,61.0,89.0,12.53
52,Aksarayskiy,48.01,46.79,68.0,52.0,0.0,2.24
53,Sakaraha,44.53,-22.9,67.37,59.0,0.0,4.34
54,Kiryat Gat,34.76,31.61,82.99,36.0,0.0,5.75
55,Ponta do Sol,-17.1,32.67,75.2,69.0,20.0,19.46
56,Tornio,24.15,65.85,55.4,66.0,20.0,12.75
57,Dikson,80.55,73.51,46.49,97.0,0.0,4.16
58,Fuerte Olimpo,-57.87,-21.04,94.95,29.0,0.0,9.75
59,Kidal,1.41,18.44,94.21,34.0,13.0,11.25
60,Saint Paul Harbor,-152.41,57.79,57.2,58.0,75.0,3.36
61,New Norfolk,147.06,-42.78,46.99,82.0,100.0,3.0
62,Awjilah,21.29,29.11,86.16,26.0,0.0,10.33
63,Alofi,-169.92,-19.06,71.6,88.0,96.0,1.12
64,Manakara,48.02,-22.13,68.25,89.0,1.0,7.83
65,Saint-Philippe,55.77,-21.36,69.8,82.0,33.0,3.36
66,Muli,73.57,2.92,83.8,74.0,100.0,13.31
67,Bambous Virieux,57.76,-20.34,69.8,83.0,40.0,11.41
68,Chokurdakh,147.92,70.63,36.84,90.0,100.0,5.93
69,Biak,122.88,-0.91,75.88,80.0,97.0,8.21
70,Cherskiy,161.3,68.75,38.53,95.0,100.0,3.11
71,Punta Arenas,-70.92,-53.15,42.01,60.0,66.0,16.11
72,Touros,-35.46,-5.2,84.2,58.0,20.0,12.75
73,Tārūt,50.04,26.57,98.6,26.0,1.0,8.72
75,Salalah,54.09,17.02,77.0,94.0,90.0,3.36
77,Upernavik,-56.15,72.79,41.92,91.0,100.0,2.17
78,Kondinskoye,67.41,59.65,54.46,95.0,100.0,9.35
79,Aklavik,-135.01,68.22,57.2,76.0,75.0,4.7
80,Qaanaaq,-69.36,77.48,36.32,89.0,100.0,10.6
81,Meybod,54.02,32.25,80.6,30.0,0.0,4.7
82,Avarua,-159.78,-21.21,75.2,78.0,87.0,10.29
84,Bathsheba,-59.52,13.22,87.8,70.0,40.0,14.99
85,Nikolskoye,30.79,59.7,60.01,93.0,75.0,4.47
86,Margate,1.39,51.38,64.99,77.0,58.0,5.99
87,Nam Som,102.19,17.77,77.65,84.0,100.0,5.46
88,Bengkulu,102.27,-3.8,76.66,82.0,98.0,8.75
89,Pozo Colorado,-58.8,-23.49,94.12,29.0,38.0,15.05
90,Hilo,-155.09,19.73,80.6,65.0,1.0,3.36
92,Cabo San Lucas,-109.91,22.89,89.01,66.0,5.0,5.82
93,Gigmoto,124.39,13.78,80.87,82.0,93.0,2.66
94,Codrington,141.97,-38.27,38.52,91.0,3.0,7.38
95,Shrīgonda,74.68,18.62,74.08,83.0,18.0,9.57
96,Macia,33.1,-25.03,74.62,45.0,0.0,11.32
97,Muros,-9.06,42.78,69.01,89.0,17.0,3.0
98,Mahébourg,57.7,-20.41,69.8,83.0,40.0,11.41
99,Kumul,93.45,42.8,83.93,18.0,0.0,2.64
100,Mar del Plata,-57.56,-38.0,64.4,77.0,40.0,9.17
101,Port Hardy,-127.42,50.7,60.8,67.0,75.0,4.7
103,Erenhot,111.98,43.65,72.7,35.0,0.0,6.76
104,Teluk Nibung,99.82,3.0,76.69,87.0,92.0,6.06
105,Atuona,-139.03,-9.8,78.49,74.0,1.0,14.29
106,Tauramena,-72.75,5.02,78.21,83.0,95.0,4.21
107,Harrisonburg,-78.87,38.45,91.99,48.0,1.0,10.29
108,Bubaque,-15.83,11.28,81.5,78.0,100.0,13.38
109,Nanchang,115.88,28.68,77.7,84.0,100.0,5.86
110,Fairbanks,-147.72,64.84,55.0,87.0,90.0,1.23
111,Kozhva,57.05,65.11,54.88,94.0,95.0,2.66
112,Keshabpur,89.21,22.92,80.2,90.0,100.0,15.03
113,Adrar,-10.07,20.5,102.45,18.0,94.0,14.85
115,Bethel,-73.41,41.37,87.8,45.0,1.0,9.17
116,Dunedin,170.5,-45.87,42.01,82.0,0.0,1.99
117,Makkah al Mukarramah,39.83,21.43,93.18,25.0,11.0,7.65
118,Cascais,-9.42,38.7,75.0,73.0,20.0,20.8
119,Delmas,28.68,-26.15,64.4,25.0,0.0,3.36
120,Yellowknife,-114.35,62.46,55.4,93.0,90.0,8.05
121,Yumen,97.2,40.28,67.73,25.0,0.0,3.94
122,Tamandaré,-35.1,-8.76,77.97,68.0,0.0,8.86
123,Quatre Cocos,57.76,-20.21,69.8,83.0,40.0,11.41
124,Arraial do Cabo,-42.03,-22.97,71.6,53.0,75.0,14.99
125,Kaitangata,169.85,-46.28,41.0,78.0,4.0,5.01
126,Gachsaran,50.8,30.36,87.8,23.0,0.0,4.7
127,Norman Wells,-126.83,65.28,60.8,77.0,75.0,3.36
128,Rokytne,27.21,51.28,57.25,96.0,100.0,5.26
129,Cap Malheureux,57.61,-19.98,69.01,77.0,49.0,5.01
130,Cockburn Town,-71.14,21.46,84.2,70.0,75.0,16.11
132,Berlevåg,29.09,70.86,50.0,87.0,40.0,5.82
133,Te Anau,167.72,-45.42,29.62,96.0,63.0,0.76
134,Tarbagatay,107.36,51.48,48.2,93.0,97.0,4.47
135,Wilmington,-77.94,34.23,87.01,70.0,40.0,11.41
136,Tautira,-149.15,-17.73,78.8,74.0,20.0,3.36
137,Pekan,103.4,3.48,78.8,83.0,20.0,4.7
138,Benghazi,20.07,32.12,80.11,73.0,0.0,11.1
139,Lebu,-73.65,-37.62,54.61,71.0,0.0,20.56
140,Qarqīn,66.04,37.42,75.07,35.0,22.0,21.52
141,Ambilobe,49.05,-13.2,70.07,80.0,0.0,5.53
142,Santa Cruz de Barahona,-71.1,18.21,89.6,62.0,20.0,11.41
144,Arrondissement de Saint-Denis,2.33,48.92,77.0,53.0,11.0,16.11
145,Maraã,-65.37,-1.83,89.6,43.0,100.0,0.36
146,Xam Nua,104.04,20.42,68.72,95.0,100.0,2.35
147,Srednekolymsk,153.68,67.45,38.08,82.0,92.0,2.28
148,Arrecife,-13.55,28.96,84.2,62.0,0.0,18.34
149,Husavik,-17.34,66.04,51.8,71.0,20.0,12.75
150,College,-147.8,64.86,55.0,87.0,90.0,1.25
151,Lorengau,147.27,-2.02,82.08,78.0,100.0,14.09
152,Khao Yoi,99.82,13.24,75.99,82.0,100.0,2.68
153,Esim,-2.24,4.87,74.59,85.0,50.0,6.42
154,Butaritari,172.79,3.07,81.77,65.0,77.0,4.65
155,Quelimane,36.89,-17.88,73.69,83.0,100.0,6.78
158,San Cristobal,-72.22,7.77,93.2,38.0,40.0,17.22
159,Takoradze,-1.76,4.88,75.25,84.0,1.0,8.61
160,Mirny,113.96,62.54,41.0,75.0,0.0,4.47
161,Namatanai,152.43,-3.67,77.77,83.0,4.0,7.0
162,Urbano Santos,-43.4,-3.21,88.5,51.0,22.0,3.15
163,Longyearbyen,15.64,78.22,39.2,69.0,0.0,3.36
164,São João da Barra,-41.05,-21.64,75.2,47.0,20.0,20.8
165,Mubende,31.39,0.56,65.14,88.0,74.0,1.03
166,Hong Kong,114.16,22.29,87.01,85.0,100.0,15.01
167,Ahipara,173.17,-35.17,51.64,72.0,6.0,11.23
169,Khatanga,102.5,71.97,54.66,69.0,41.0,4.97
170,Barrow,-156.79,71.29,39.2,93.0,90.0,5.82
171,Lavrentiya,-171.0,65.58,46.83,91.0,89.0,4.41
172,Svetlaya,138.33,46.54,64.67,87.0,0.0,5.19
173,Vila Velha,-40.29,-20.33,75.2,50.0,20.0,21.92
174,Pangnirtung,-65.71,66.15,44.6,93.0,90.0,12.75
176,Narón,-8.15,43.52,73.99,85.0,99.0,3.38
177,Rio Claro,-47.56,-22.41,78.8,22.0,0.0,5.82
178,Hofn,-15.21,64.25,50.83,81.0,4.0,5.08
179,Bosobolo,19.9,4.18,71.01,89.0,100.0,2.3
180,Thinadhoo,72.93,0.53,82.94,75.0,100.0,10.54
181,Narsaq,-46.05,60.92,55.4,58.0,20.0,11.41
182,Senanga,23.27,-16.12,69.91,23.0,0.0,4.23
183,Diego de Almagro,-70.05,-26.37,67.08,32.0,0.0,14.52
184,Comarnic,25.63,45.25,64.99,83.0,100.0,5.01
185,Nome,-165.41,64.5,51.01,87.0,90.0,3.36
187,Soe,124.28,-9.86,58.71,84.0,0.0,5.1
188,Beringovskiy,179.32,63.05,49.01,78.0,98.0,10.96
189,Kilindoni,39.67,-7.91,76.41,81.0,0.0,12.44
190,Sânpaul,24.35,46.45,64.4,88.0,76.0,4.7
191,Lüderitz,15.16,-26.65,57.33,77.0,0.0,11.77
192,Zhenlai,123.3,45.85,66.99,67.0,97.0,4.0
194,Lagunas,-75.68,-5.23,93.94,36.0,0.0,2.01
195,Karpathos,27.21,35.51,77.0,83.0,1.0,14.99
196,Severo-Kuril'sk,156.12,50.68,53.06,94.0,100.0,16.35
197,Castro,-50.01,-24.79,63.14,66.0,0.0,9.08
198,Preobrazheniye,133.91,42.9,68.58,93.0,11.0,1.68
199,Puerto Colombia,-74.95,10.99,87.8,66.0,75.0,5.82
200,Hermanus,19.23,-34.42,55.99,91.0,100.0,12.44
201,Guerrero Negro,-114.06,27.98,82.56,59.0,0.0,13.24
202,Oranjemund,16.43,-28.55,55.53,85.0,0.0,2.75
203,Mayumba,10.66,-3.43,74.57,85.0,24.0,7.36
204,Celestún,-90.4,20.87,86.22,70.0,100.0,9.44
206,Abu Dhabi,54.37,24.47,95.0,50.0,0.0,12.75
207,Yabrūd,36.66,33.97,82.4,42.0,0.0,20.8
208,King City,-121.13,36.21,88.0,32.0,0.0,5.99
209,Pacific Grove,-121.92,36.62,66.2,72.0,90.0,5.82
210,Riyadh,46.72,24.69,98.6,16.0,44.0,8.05
211,Aksay,39.87,47.26,77.0,22.0,0.0,13.42
212,Hammerfest,23.68,70.66,48.2,81.0,75.0,14.99
213,Vestmannaeyjar,-20.27,63.44,53.6,71.0,29.0,11.41
214,Mount Gambier,140.77,-37.83,37.4,93.0,0.0,8.05
215,Cheyenne,-104.82,41.14,93.0,15.0,1.0,13.87
216,Itoman,127.67,26.12,82.0,94.0,75.0,17.22
217,Ocumare del Tuy,-66.78,10.12,79.0,63.0,58.0,2.13
218,Terrace,-128.6,54.52,57.2,76.0,90.0,12.75
219,Kearney,-99.08,40.7,93.2,40.0,1.0,17.22
220,Kantang,99.52,7.41,78.12,86.0,36.0,2.33
221,Port-Gentil,8.78,-0.72,75.2,94.0,75.0,9.93
222,Paraíso,-83.87,9.84,77.0,73.0,75.0,8.05
223,Puerto Parra,-74.06,6.65,94.35,47.0,87.0,1.72
224,Ambon City,128.18,-3.7,78.01,15.0,50.0,1.01
225,Nuuk,-51.72,64.18,53.6,58.0,75.0,5.82
226,Liancheng,105.08,24.05,64.49,89.0,0.0,3.31
227,Kavieng,150.8,-2.57,81.01,79.0,2.0,12.44
228,Mt. Pleasant,-79.86,32.79,89.01,89.0,75.0,5.82
229,Zhigansk,123.37,66.77,41.27,66.0,0.0,6.71
230,Pisco,-76.22,-13.7,66.2,72.0,40.0,11.41
231,Saldanha,17.94,-33.01,57.2,87.0,100.0,4.7
232,Lagoa,-27.98,39.05,74.28,89.0,88.0,15.03
233,Bandarbeyla,50.81,9.49,76.73,82.0,1.0,31.38
234,Haines Junction,-137.51,60.75,55.63,59.0,98.0,4.07
235,Henties Bay,14.28,-22.12,55.99,79.0,57.0,1.99
236,Korla,86.15,41.76,82.0,64.0,0.0,4.0
237,Flinders,150.86,-34.58,45.0,82.0,0.0,1.01
238,Bang Saphan,99.51,11.21,77.32,84.0,0.0,5.59
239,Samarai,150.67,-10.62,78.19,87.0,100.0,18.86
240,Philadelphia,-75.16,39.95,91.99,49.0,40.0,19.46
241,Geraldton,114.6,-28.77,46.4,93.0,0.0,6.93
242,Martapura,114.85,-3.42,75.2,88.0,37.0,4.7
243,Merauke,140.33,-8.47,76.69,82.0,87.0,14.65
244,Uglekamensk,133.23,43.22,66.18,92.0,35.0,1.74
245,Santa Cruz de La Palma,-17.76,28.68,77.0,78.0,20.0,14.99
246,Okhotsk,143.3,59.38,51.6,90.0,100.0,18.54
247,Kuusamo,29.18,65.97,51.8,66.0,10.0,6.93
248,Ulaanbaatar,106.88,47.91,46.4,87.0,81.0,3.13
249,Solnechnyy,136.63,50.72,51.49,92.0,8.0,2.15
250,Clyde River,-68.59,70.47,44.19,68.0,2.0,7.87
251,Mareeba,145.43,-17.0,69.8,68.0,40.0,13.87
254,Piterka,47.45,50.68,69.57,38.0,0.0,2.59
255,Kristiansund,7.73,63.11,51.8,71.0,75.0,19.46
256,San Rafael,-68.33,-34.62,66.2,27.0,0.0,17.72
257,Ochakiv,31.55,46.61,73.4,40.0,42.0,6.71
258,Uddevalla,11.94,58.35,57.2,62.0,100.0,5.82
260,Labuan,115.24,5.28,77.0,94.0,40.0,2.24
261,Sebastian,-94.27,35.17,91.4,49.0,1.0,5.82
262,Japura,102.35,-0.32,76.96,78.0,100.0,1.34
263,Zlobin,14.65,45.29,73.4,53.0,0.0,2.24
264,Cidreira,-50.21,-30.18,64.45,79.0,0.0,23.64
265,Puerto Escondido,-97.07,15.85,78.8,61.0,90.0,6.93
266,Ajdabiya,20.23,30.76,77.36,75.0,0.0,11.86
267,Byron Bay,153.62,-28.65,53.6,87.0,75.0,6.93
268,Kutum,24.67,14.2,80.69,55.0,75.0,2.89
269,Nadym,72.52,65.53,54.14,81.0,83.0,6.6
270,Nushki,66.02,29.55,83.53,46.0,72.0,11.97
271,Leningradskiy,178.42,69.38,40.82,94.0,100.0,11.43
272,Tessalit,1.01,20.2,91.27,37.0,79.0,5.75
273,Padang,100.35,-0.95,77.32,76.0,100.0,4.88
274,São Filipe,-24.5,14.9,80.11,80.0,45.0,4.9
275,Ol'ga,135.29,43.74,66.38,94.0,12.0,3.24
276,Provideniya,-173.3,64.38,49.03,86.0,99.0,3.89
277,Avila,-5.0,40.58,81.0,27.0,33.0,1.01
278,Mitha Tiwana,72.11,32.25,91.89,52.0,37.0,8.32
279,Hasaki,140.83,35.73,77.0,88.0,75.0,4.7
280,Manaure,-72.44,11.78,90.37,55.0,86.0,15.73
282,Marzuq,46.47,14.4,86.47,40.0,100.0,1.12
283,Kano,8.52,12.0,78.06,73.0,6.0,5.93
285,Makakilo City,-158.09,21.35,82.4,61.0,1.0,3.36
286,Airai,125.41,-8.93,55.18,39.0,0.0,4.56
287,Gerāsh,54.14,27.67,91.4,49.0,64.0,4.7
288,Harper,-7.72,4.38,76.12,79.0,100.0,6.4
289,Tefé,-64.71,-3.35,86.0,62.0,40.0,8.05
290,Talcahuano,-73.12,-36.72,57.2,76.0,75.0,24.16
291,Lata,-8.33,40.16,77.0,76.0,0.0,4.0
292,Sungurlu,34.37,40.17,73.51,23.0,0.0,5.66
294,Stykkisholmur,-22.73,65.08,49.62,77.0,37.0,5.1
295,Yangi Marg`ilon,71.72,40.43,73.4,49.0,59.0,2.24
296,Constitución,-72.42,-35.33,54.39,77.0,85.0,22.57
297,Jacareacanga,-57.75,-6.22,95.0,47.0,20.0,4.7
298,Davila,120.58,18.47,78.8,94.0,75.0,18.1
299,Lishui,119.91,28.46,77.32,85.0,0.0,0.94
300,Aban,96.06,56.67,52.09,84.0,100.0,6.17
301,Lengshuitan,111.6,26.41,74.66,94.0,100.0,3.22
302,Kaeo,173.78,-35.1,46.99,3.0,0.0,5.99
303,Katsuura,140.3,35.13,78.8,88.0,40.0,4.7
304,Abu Kamal,40.92,34.45,81.72,15.0,0.0,4.92
305,Tabou,-7.35,4.42,76.03,80.0,100.0,7.34
306,Ust-Maya,134.53,60.42,36.57,90.0,97.0,3.74
307,Ilulissat,-51.1,69.22,42.8,75.0,75.0,5.82
308,Lompoc,-120.46,34.64,71.01,77.0,90.0,11.41
309,Kieta,155.63,-6.22,77.86,76.0,4.0,4.36
311,Kitgum,32.89,3.28,66.81,90.0,6.0,1.63
313,Laguna,-121.42,38.42,82.99,53.0,1.0,10.29
314,Kahului,-156.47,20.89,84.2,51.0,20.0,11.41
315,Kang,22.79,-23.68,65.8,27.0,0.0,3.29
316,Itarema,-39.92,-2.92,81.88,60.0,0.0,17.11
319,Vanimo,141.3,-2.67,77.38,86.0,16.0,6.4
321,Valga,26.05,57.78,57.2,93.0,100.0,4.7
322,Meulaboh,96.13,4.14,76.87,86.0,59.0,4.7
323,Nhlangano,31.2,-27.12,62.58,44.0,0.0,4.7
324,Loukhi,33.04,66.08,50.27,69.0,0.0,4.72
325,Boyolangu,111.89,-8.12,72.34,87.0,29.0,5.97
326,Launceston,147.17,-41.45,37.0,93.0,68.0,9.17
327,Tuatapere,167.68,-46.13,45.0,72.0,42.0,11.01
328,Ust'-Koksa,85.61,50.27,48.51,84.0,100.0,2.1
329,Cabedelo,-34.83,-6.98,82.4,65.0,20.0,14.99
330,Chara,118.26,56.91,43.9,72.0,0.0,2.73
331,Buchanan,-10.05,5.88,77.0,94.0,75.0,9.13
332,Barra Patuca,-84.28,15.8,86.83,65.0,21.0,11.16
333,San Carlos,-68.58,9.66,83.64,76.0,70.0,4.0
334,Manta,-80.73,-0.95,78.8,69.0,40.0,16.11
335,Kazachinskoye,93.28,57.7,51.42,90.0,100.0,2.48
337,Ulladulla,150.47,-35.35,43.0,81.0,0.0,10.29
339,Tigre,-58.58,-34.43,64.99,77.0,100.0,9.17
340,Tetela de Ocampo,-97.8,19.82,61.34,86.0,100.0,2.21
341,Krasnosel'kup,82.47,65.7,57.83,78.0,82.0,1.41
343,Vardø,31.11,70.37,51.8,76.0,0.0,14.99
344,Hurghada,33.81,27.26,93.2,28.0,0.0,12.86
345,Pesqueira,-36.7,-8.36,81.95,41.0,76.0,14.14
347,Caucayá,-74.78,-0.19,87.58,49.0,91.0,2.89
348,Vila Franca do Campo,-25.43,37.72,77.0,83.0,20.0,9.17
349,Stevens Point,-89.57,44.52,73.99,78.0,90.0,12.75
350,Madimba,40.33,-10.4,71.47,88.0,0.0,5.77
351,Ubari,12.78,26.59,85.69,15.0,0.0,9.98
352,Kavaratti,72.64,10.57,81.77,73.0,100.0,9.31
353,Coquimbo,-71.34,-29.95,60.8,67.0,75.0,16.11
354,Palmer,-72.33,42.16,90.0,58.0,18.0,13.87
355,Fortuna,-124.16,40.6,66.99,82.0,20.0,9.17
356,Deputatsky,139.9,69.3,23.27,98.0,48.0,2.35
359,Malappuram,76.07,11.07,78.8,88.0,40.0,4.7
360,Vila do Maio,-23.22,15.13,86.0,70.0,20.0,9.17
361,Yel'nya,33.18,54.58,59.45,93.0,100.0,3.2
362,Salekhard,66.6,66.53,54.1,75.0,100.0,5.75
363,La Asuncion,-63.86,11.03,89.6,59.0,92.0,16.11
364,Seoul,126.98,37.57,80.6,88.0,80.0,4.7
365,Zyryanka,150.85,65.75,37.2,78.0,87.0,6.04
367,Yulara,130.99,-25.24,62.6,25.0,0.0,6.93
368,Kānkon,74.02,15.02,78.62,85.0,100.0,2.06
369,Tumaco,-78.82,1.8,79.66,73.0,98.0,13.91
370,Kismayo,42.55,-0.36,77.56,81.0,15.0,15.82
371,Roebourne,117.13,-20.78,75.72,34.0,0.0,6.89
372,Naze,129.48,28.37,84.2,83.0,75.0,14.99
374,Kemptville,-75.64,45.02,73.99,73.0,8.0,4.0
375,Mossamedes,12.15,-15.2,63.36,88.0,27.0,9.91
376,Olafsvik,-23.71,64.89,49.55,76.0,0.0,7.23
377,Hazorasp,61.07,41.32,62.6,63.0,11.0,6.93
378,Mindelo,-24.98,16.89,86.0,62.0,75.0,6.93
380,Goshogawara,140.44,40.8,73.99,94.0,19.0,1.99
381,Kalmunai,81.82,7.42,80.29,82.0,100.0,11.95
382,Port Lincoln,135.87,-34.73,52.48,74.0,5.0,12.3
383,Faanui,-151.75,-16.48,76.03,83.0,14.0,20.96
384,Ukwā,80.47,21.97,73.0,97.0,100.0,3.29
385,Kevsala,42.69,45.8,69.69,37.0,0.0,12.46
386,Zolotukhino,36.38,52.08,64.4,72.0,40.0,8.95
387,Eenhana,16.33,-17.47,82.4,21.0,2.0,3.36
388,Verkhoyansk,133.38,67.54,34.11,87.0,0.0,2.73
389,Kitami,143.89,43.8,65.59,86.0,55.0,4.43
391,Ostrovnoy,39.51,68.05,51.28,87.0,4.0,4.34
392,Anloga,0.9,5.79,77.0,88.0,20.0,9.17
393,Pevek,170.31,69.7,37.9,98.0,100.0,2.8
394,Aniva,142.53,46.71,64.4,93.0,90.0,6.71
395,Kropotkin,40.58,45.44,69.24,34.0,0.0,11.7
398,Mundi,76.5,22.07,74.75,88.0,27.0,11.32
400,Saint-Joseph,55.62,-21.37,68.0,82.0,16.0,3.36
401,Camargo,-105.17,27.67,85.3,25.0,0.0,9.15
403,Nayoro,142.46,44.35,65.26,92.0,100.0,4.9
404,Shingū,135.98,33.73,75.94,85.0,47.0,3.02
405,Antofagasta,-70.4,-23.65,62.6,59.0,0.0,14.99
406,Paredon,-93.87,16.03,85.1,68.0,2.0,7.67
407,Kayerkan,87.76,69.35,57.2,82.0,15.0,8.95
408,Yarmouth,-70.23,41.71,79.0,78.0,75.0,9.17
409,Xingyi,102.82,24.19,58.28,94.0,0.0,2.8
410,Sola,167.55,-13.88,82.4,83.0,75.0,18.97
411,Kholtoson,103.31,50.3,46.76,82.0,91.0,2.24
412,Nizwá,57.53,22.93,92.32,36.0,100.0,2.55
413,Bilma,12.92,18.69,89.01,44.0,77.0,10.09
414,Batagay-Alyta,130.41,67.8,30.97,94.0,0.0,0.49
415,Nanortalik,-45.24,60.14,47.39,77.0,0.0,7.83
417,Bredy,60.34,52.42,61.29,80.0,11.0,8.66
418,Dhidhdhoo,73.1,6.88,82.35,74.0,45.0,12.08
419,Zhalantun,122.72,48.0,57.27,80.0,0.0,3.02
420,Klaksvík,-6.59,62.23,46.4,87.0,100.0,9.17
421,Chkalovskoye,133.04,44.84,66.45,96.0,65.0,2.91
422,Tura,90.22,25.52,74.77,94.0,100.0,5.97
423,Saint George,-113.58,37.1,99.0,26.0,1.0,5.82
424,Aswān,32.91,24.09,92.05,15.0,58.0,9.69
425,Torres,-49.73,-29.34,66.6,74.0,0.0,19.04
427,Asău,26.4,46.43,61.0,99.0,54.0,4.16
428,Soyo,12.37,-6.13,73.92,87.0,29.0,7.29
429,Laohekou,111.67,32.39,73.65,83.0,0.0,3.91
430,Lapta,33.18,35.34,80.6,74.0,0.0,12.75
431,Caravelas,-39.25,-17.71,72.03,63.0,0.0,13.56
432,San Policarpo,125.51,12.18,79.61,83.0,98.0,4.07
434,Le Port,55.29,-20.94,69.8,60.0,5.0,11.41
435,Alice Springs,133.88,-23.7,53.6,30.0,0.0,1.12
437,Sitka,-135.33,57.05,53.6,93.0,90.0,4.7
438,Nemuro,145.57,43.32,65.68,96.0,100.0,13.89
439,Slavonski Brod,18.02,45.16,69.01,69.0,30.0,2.44
440,Rocha,-54.33,-34.48,65.95,72.0,100.0,15.55
441,Kruisfontein,24.73,-34.0,61.0,75.0,0.0,1.99
442,Nizhniy Tsasuchey,115.13,50.52,53.26,83.0,99.0,0.34
443,Wukari,9.78,7.85,72.95,91.0,97.0,3.06
444,Chapais,-74.85,49.78,55.4,76.0,75.0,19.46
445,Hanstholm,8.62,57.12,57.99,82.0,100.0,5.01
446,Udachny,112.4,66.42,46.4,65.0,39.0,4.47
447,Yerbogachën,108.01,61.28,45.05,73.0,0.0,7.11
448,Tocopilla,-70.2,-22.09,65.64,57.0,21.0,6.02
449,Arlit,7.39,18.74,86.49,50.0,46.0,19.91
452,Kwang Binh,106.6,17.48,84.04,72.0,100.0,7.18
453,Wajid,43.25,3.81,79.57,63.0,100.0,18.95
454,Chapleau,-83.4,47.84,57.2,71.0,75.0,10.29
455,Amlamé,0.9,7.47,69.91,92.0,35.0,0.67
456,Maniitsoq,-52.9,65.42,47.37,79.0,26.0,9.04
457,Wanning,110.4,18.8,81.09,85.0,0.0,10.63
458,Dubai,55.3,25.26,93.2,67.0,14.0,6.93
459,Opuwo,13.84,-18.06,63.59,51.0,0.0,6.69
460,Mehamn,27.85,71.04,50.0,87.0,40.0,5.82
461,Tabas,56.92,33.6,89.6,24.0,0.0,11.41
462,Akçakoca,31.12,41.09,69.26,75.0,0.0,1.36
463,Francia,-85.58,15.85,90.77,55.0,100.0,9.91
464,Alvorada,-49.12,-12.48,102.78,16.0,11.0,0.85
465,Ampanihy,44.75,-24.7,67.98,84.0,0.0,6.96
466,Duku,4.91,11.24,73.33,87.0,63.0,3.49
467,Tarakan,117.63,3.3,80.56,79.0,0.0,6.46
468,Vyazemskiy,134.75,47.54,64.35,96.0,1.0,5.14
469,Kudahuvadhoo,72.89,2.67,83.7,74.0,100.0,12.55
470,Den Helder,4.76,52.96,66.2,77.0,20.0,28.86
471,Burgeo,-57.62,47.62,63.84,74.0,100.0,15.99
472,Romny,33.47,50.75,66.97,38.0,57.0,9.06
473,Bako,36.57,5.78,66.24,75.0,15.0,3.49
474,Sioux Lookout,-91.92,50.1,66.2,72.0,90.0,8.05
475,Hengshui,115.7,37.73,71.73,78.0,19.0,2.89
477,Nola,14.53,40.92,80.6,65.0,20.0,9.17
481,Safaga,33.94,26.73,93.2,28.0,0.0,3.49
482,Elko,-115.5,41.0,84.0,32.0,1.0,12.75
483,Arrondissement d'Ajaccio,8.92,42.0,77.0,69.0,0.0,5.82
484,Necochea,-58.74,-38.55,64.99,76.0,100.0,10.0
485,Puerto Madero,-92.42,14.72,87.8,79.0,75.0,11.41
486,Pinawa,-95.88,50.15,78.93,43.0,99.0,4.9
487,Krasnoarmeysk,45.7,51.02,68.45,40.0,0.0,7.36
488,Kaolinovo,27.12,43.62,77.0,72.0,100.0,3.0
489,Mayor Pablo Lagerenza,-60.77,-19.93,97.43,18.0,0.0,18.03
490,Azare,10.19,11.68,78.03,72.0,92.0,3.4
491,Terenos,-54.86,-20.44,89.6,29.0,1.0,14.99
492,Pombas,-25.02,17.15,86.0,62.0,75.0,6.93
493,Pundaguitan,126.17,6.37,83.05,78.0,3.0,14.81
494,Kol'tsovo,83.18,54.94,50.0,93.0,47.0,6.71
495,Baillif,-61.75,16.02,87.8,66.0,75.0,14.99
497,Gobabis,18.97,-22.45,66.16,26.0,27.0,7.31
498,Perth,115.83,-31.93,44.6,93.0,0.0,6.53
499,Motril,-3.52,36.75,78.01,66.0,0.0,0.47
500,Mokhsogollokh,128.92,61.47,36.14,84.0,4.0,1.7
501,Vila Praia de Âncora,-8.85,41.81,75.99,73.0,0.0,4.7
502,Opoczno,20.28,51.38,62.01,66.0,12.0,5.77
503,Gizo Government Station,156.84,-8.1,82.33,75.0,6.0,9.13
504,Quryq,51.65,43.2,72.16,55.0,0.0,3.4
505,Gaza,34.47,31.5,82.99,37.0,0.0,7.85
506,Tomatlán,-105.25,19.93,84.15,83.0,80.0,6.67
507,Challans,-1.87,46.84,66.99,81.0,100.0,15.88
508,Antalaha,50.28,-14.9,69.62,85.0,47.0,7.38
509,Butig,124.3,7.72,69.4,93.0,90.0,1.86
511,Jurm,70.83,36.86,62.92,50.0,0.0,1.99
512,Telford,-2.45,52.68,62.6,72.0,100.0,39.15
513,Creil,2.48,49.26,77.0,50.0,7.0,21.92
514,Sibu,111.82,2.3,78.8,94.0,40.0,1.12
516,Tokoname,136.85,34.88,80.6,83.0,20.0,4.7
517,Santa Rosa,121.11,14.31,84.99,83.0,99.0,3.36
518,Skibbereen,-9.27,51.55,59.0,77.0,40.0,21.92
519,Otradnoye,30.82,59.78,60.01,92.0,100.0,3.11
520,Khovu-Aksy,93.6,51.13,51.04,84.0,100.0,2.53
521,Teknāf,92.31,20.86,79.29,90.0,89.0,12.66
522,Inírida,-67.92,3.87,88.99,57.0,94.0,2.73
523,Peniche,-9.38,39.36,75.0,85.0,0.0,8.01
524,Pontianak,109.33,-0.03,75.34,92.0,55.0,1.86
525,Horsham,-0.33,51.06,64.4,77.0,75.0,19.46
526,Cayenne,-52.33,4.93,89.6,59.0,20.0,5.82
527,Wajima,136.9,37.4,81.1,72.0,0.0,7.63
528,Berezovyy,135.7,51.67,52.5,90.0,52.0,2.44
529,Bintulu,113.03,3.17,78.8,94.0,40.0,5.82
531,Daye,114.95,30.08,73.49,90.0,59.0,6.76
532,Miracatu,-47.46,-24.28,69.84,59.0,13.0,5.53
534,Huai Yot,99.63,7.79,75.9,91.0,26.0,0.96
536,Balsas,-46.04,-7.53,96.06,25.0,61.0,6.62
537,Torbay,-52.73,47.67,64.0,72.0,75.0,11.41
538,Zhangaözen,52.8,43.3,70.57,47.0,0.0,8.77
539,Shenjiamen,122.3,29.96,81.45,86.0,100.0,24.45
540,Oro Valley,-110.97,32.39,105.01,17.0,0.0,4.0
541,Latung,120.88,5.5,83.61,73.0,63.0,7.74
542,Ayan,138.17,56.45,52.97,88.0,100.0,18.7
543,Aparecida do Taboado,-51.09,-20.09,90.75,22.0,0.0,10.07
544,Russell,-85.2,32.35,84.2,78.0,75.0,6.93
545,Catuday,119.81,16.29,80.96,85.0,100.0,11.23
546,Rundu,19.77,-17.93,69.28,22.0,0.0,4.27
547,Iqaluit,-68.51,63.75,51.8,62.0,75.0,14.99
548,Port Said,32.28,31.26,82.4,78.0,0.0,12.75
549,Tari,4.49,12.41,76.3,85.0,2.0,9.98
550,Aktas,72.96,49.78,48.2,87.0,0.0,4.47
551,Cilegon,106.05,-6.02,80.6,69.0,40.0,4.7
552,Pinega,43.39,64.7,49.32,81.0,0.0,5.84
553,Honningsvåg,25.97,70.98,48.2,76.0,40.0,8.05
554,Mbarara,30.65,-0.61,70.07,60.0,0.0,4.45
555,Medicine Hat,-110.67,50.05,70.0,56.0,75.0,4.7
556,Dalian,121.6,38.91,75.2,88.0,100.0,4.47
557,Alappuzha,76.33,9.49,80.15,87.0,100.0,10.36
558,Alto Araguaia,-53.22,-17.31,94.68,17.0,0.0,6.38
559,Minna,6.56,9.61,71.87,92.0,4.0,3.06
561,Tromsø,18.96,69.65,48.2,81.0,90.0,8.05
562,Sesheke,24.3,-17.48,68.0,30.0,0.0,1.12
563,Obihiro,143.2,42.92,63.36,90.0,85.0,1.05
564,Ipuã,-48.01,-20.44,83.5,16.0,16.0,7.78
565,Lensk,114.93,60.73,41.88,69.0,0.0,4.61
566,Esso,158.7,55.93,41.18,73.0,99.0,3.09
567,Waipawa,175.52,-41.41,48.2,57.0,100.0,24.16
568,Robertsport,-11.37,6.75,77.49,80.0,100.0,14.67
570,Los Llanos de Aridane,-17.92,28.66,77.0,78.0,20.0,14.99
571,Mogadishu,45.34,2.04,77.09,83.0,0.0,14.14
572,Rawson,-65.1,-43.3,47.01,72.0,100.0,15.59
573,Leh,77.58,34.17,63.23,40.0,13.0,1.72
574,Bucerías,-105.33,20.75,87.01,79.0,75.0,8.05
576,Atar,-13.05,20.52,100.4,24.0,100.0,13.87
577,Menongue,17.69,-14.66,67.17,29.0,43.0,2.46
578,Saint-Augustin,-58.65,51.23,65.32,54.0,60.0,12.68
579,Basoko,23.62,1.24,75.72,79.0,31.0,1.97
580,Dadri,77.55,28.57,84.2,83.0,75.0,5.84
581,La Maddalena,9.41,41.21,82.4,28.0,13.0,9.17
582,Bereda,-7.54,43.27,77.0,78.0,52.0,1.99
583,Pimenta Bueno,-61.19,-11.67,103.77,16.0,0.0,3.33
584,Agapovka,59.13,53.3,60.8,72.0,40.0,8.95
586,Luanda,13.23,-8.84,75.2,78.0,75.0,6.93
587,Tahoua,5.27,14.89,86.0,62.0,40.0,4.7
588,Voi,38.56,-3.39,69.35,79.0,7.0,9.93
589,Sarkand,79.92,45.41,59.09,63.0,51.0,2.26
